id,produto,quantidade,preco,data
17,Leite condensado,3,3.42,21/04/2023
20,Goma xantana,8,6.68,15/04/2023
13,Corante alimentício,6,4.51,21/04/2023
18,Açúcar,4,5.07,20/04/2023
5,Manteiga,8,4.91,11/04/2023
14,Coco ralado,4,7.07,19/04/2023
15,Chocolate branco,8,3.82,16/04/2023
3,Adoçante,5,7.14,05/04/2023
12,Fermento,6,3.79,10/04/2023
4,Cacau em pó,9,7.59,20/04/2023
11,Granulado,8,7.53,20/04/2023
8,Glucose de milho,8,6.43,05/04/2023
21,Açúcar de confeiteiro,6,4.84,14/04/2023
9,Essência de baunilha,4,6.41,18/04/2023
19,Gelatina incolor,6,4.96,06/04/2023
22,Farinha de trigo,4,5.38,12/04/2023
23,Chocolate,8,2.84,06/04/2023
